Temperature,Dew,Humidity,Pressure,Precipitation,distnace_from_shoreline,Developed_High_Intensity_area,Woody_Wetlands,wind_speed
60.8,57.8,90.4,29.8,0.18,33.1,7.36,16.15,12
66.3,60.5,84.2,29.8,0,33.1,7.36,16.15,5.5
57.2,47.6,70.8,29.9,0.29,33.1,7.36,16.15,16.5
41,28.2,61.3,30.4,0.02,33.1,7.36,16.15,14.6
45.8,26.1,52,30.5,0,33.1,7.36,16.15,6.4
50,32.9,58.2,30.3,0,33.1,7.36,16.15,2.9
45.2,29.6,47.7,30.3,0,33.1,7.36,16.15,5.1
48.6,32.4,58,30.2,0,33.1,7.36,16.15,4.7
44,36.5,81.3,30.1,0,33.1,7.36,16.15,2.7
46.1,41,87.1,30.1,0,33.1,7.36,16.15,2.6
49,44.9,88.8,30,0,33.1,7.36,16.15,3.8
52.3,45.9,79.6,30.2,0,33.1,7.36,16.15,13.8
43.5,24,50,30.4,0,33.1,7.36,16.15,8
45.3,35.4,74.6,30.4,0,33.1,7.36,16.15,4.4
57.9,49,74.5,30.2,0,33.1,7.36,16.15,14.7
66.7,60.9,82.7,30,0,33.1,7.36,16.15,14.4
67.9,63.4,86.6,29.9,0,33.1,7.36,16.15,14.7
44.6,31.7,62.2,30.3,0.17,33.1,7.36,16.15,13.8
50.6,31.9,55.1,30.4,0,33.1,7.36,16.15,6.5
58,50.9,78.8,30.2,0,33.1,7.36,16.15,7.5
69.4,66.7,91.3,30,0,33.1,7.36,16.15,14.6
72.2,68.3,87.7,30,0,33.1,7.36,16.15,12.3
60.1,59.3,97.1,30.1,0,33.1,7.36,16.15,9.4
50.4,48.4,93.1,30.1,0.01,33.1,7.36,16.15,9.3
42.9,39.7,88.2,30.3,0.13,33.1,7.36,16.15,13.8
42,39.6,91.1,30.3,0.15,33.1,7.36,16.15,10.4
45.2,39.8,82.7,30.3,0.01,33.1,7.36,16.15,12.2
49,34.4,65.7,30.3,0,33.1,7.36,16.15,5.9
77.7,71.9,83.3,29.9,0.01,33.1,7.36,16.15,8.1
76.5,71,83.8,29.9,0,33.1,7.36,16.15,12.6
77.5,71.2,81.7,29.9,0.01,33.1,7.36,16.15,10.4
78.8,72.4,81.8,29.9,0,33.1,7.36,16.15,13.3
76.2,71.2,84.8,29.9,0,33.1,7.36,16.15,12.2
75.9,69.5,82.2,29.8,0.6,33.1,7.36,16.15,4.9
78.3,73.5,86.3,29.8,0,33.1,7.36,16.15,6.3
80.5,73.8,80.7,29.8,0,33.1,7.36,16.15,10.5
81.1,73.9,79.2,29.8,0,33.1,7.36,16.15,13.5
80.4,72,76.3,30,0,33.1,7.36,16.15,11.7
77.8,68.5,75.1,30.1,0,33.1,7.36,16.15,8.6
72,67.3,88,30,0,33.1,7.36,16.15,2.6
73.8,67.5,83.5,29.9,0,33.1,7.36,16.15,4
77.8,68.3,74.5,29.9,0,33.1,7.36,16.15,6.2
74.4,69.3,86.2,29.9,0,33.1,7.36,16.15,4.3
79.1,71.5,79.5,29.9,0,33.1,7.36,16.15,6.2
74.3,70.4,89.3,29.9,0,33.1,7.36,16.15,3.6
80,71.5,76.9,29.9,0,33.1,7.36,16.15,10.1
80.8,71.4,74,29.8,0,33.1,7.36,16.15,12.3
82.1,73.7,76.6,29.7,0,33.1,7.36,16.15,15.7
83.1,76.5,80.6,29.9,0,33.1,7.36,16.15,15.3
76.2,70.4,83.2,30,0.23,33.1,7.36,16.15,11.1
72.9,67.3,83,30,0.27,33.1,7.36,16.15,7.7
74,71.2,90.9,29.8,0,33.1,7.36,16.15,7.5
89.7,55.3,31,29.9,0,33.1,7.36,16.15,7
86.8,64.6,48.9,29.9,0,33.1,7.36,16.15,11.7
81.8,61.7,51.7,29.9,0,33.1,7.36,16.15,5
74.6,66.5,56.9,29.8,0,33.1,7.36,16.15,11.4
82.8,72,70,29.8,0,33.1,7.36,16.15,14.4
83.3,74.4,75.1,29.9,0,33.1,7.36,16.15,12.6
84.1,75.7,77,30.1,0.02,33.1,7.36,16.15,8
83.7,77.3,81.5,30,0,33.1,7.36,16.15,6.4
84.4,77.3,80.4,29.9,0.23,33.1,7.36,16.15,8.4
84.9,77.1,78.8,29.9,0,33.1,7.36,16.15,6.3
78.3,75.2,90.5,30,0.01,33.1,7.36,16.15,5.1
82,75.8,82.3,30,0.95,33.1,7.36,16.15,5.8
84,75.8,77.6,30.1,0.06,33.1,7.36,16.15,6.2
83,76,80.5,30,0.55,33.1,7.36,16.15,6.2
82.6,76.5,82.3,30,0,33.1,7.36,16.15,4
80.2,75.7,86.9,30,0.56,33.1,7.36,16.15,4.5
79,75.8,90.5,30,0.42,33.1,7.36,16.15,5.9
81.2,75.2,83.4,29.9,0.15,33.1,7.36,16.15,7
80.1,76.3,88.3,29.9,0.01,33.1,7.36,16.15,8.9
82.4,76,81.8,29.9,0.64,33.1,7.36,16.15,6.8
83.1,75.4,79.6,29.9,0,33.1,7.36,16.15,4.1
82.3,75.4,81.6,29.9,0,33.1,7.36,16.15,4.5
84.2,76.6,79.6,29.9,0,33.1,7.36,16.15,6.4
81.3,75.8,84.5,29.9,0,33.1,7.36,16.15,5.8
77.1,74.6,92,29.9,0.46,33.1,7.36,16.15,4.5
78.9,75.8,90.2,30,0.26,33.1,7.36,16.15,6.2
82.3,76.8,83.8,30,1.17,33.1,7.36,16.15,6.5
83.7,77.4,82,29.9,0,33.1,7.36,16.15,8.6
81.8,75.9,83.3,29.8,0.1,33.1,7.36,16.15,7.8
79.3,76.1,90.2,29.9,0.19,33.1,7.36,16.15,6.1
80.8,76.3,86.8,29.9,0.04,33.1,7.36,16.15,4.3
79.7,76.5,90.2,29.9,0.02,33.1,7.36,16.15,4.1
80.3,75.7,86.5,29.9,0.65,33.1,7.36,16.15,5.4
81.4,76.1,84.3,29.9,0,33.1,7.36,16.15,8.5
80,76.8,90.1,29.9,0.09,33.1,7.36,16.15,7.3
82.9,77.3,84,30,0.15,33.1,7.36,16.15,6.3
83,74.4,77.1,30,0,33.1,7.36,16.15,4.1
60.6,59.4,95.9,30.1,0,33.1,7.36,16.15,4.2
67.6,61.8,82.2,30.1,0.3,33.1,7.36,16.15,8.1
72.7,69.7,90.7,30.1,0.01,33.1,7.36,16.15,9.7
75.4,74.1,95.7,29.9,0,33.1,7.36,16.15,13.2
61.4,56.9,86.9,29.9,1.32,33.1,7.36,16.15,10.1
73.6,69.6,88,29.9,0,33.1,7.36,16.15,6.5
74.4,71.2,91.3,30.1,0,33.1,7.36,16.15,4.8
72.3,67.8,87.7,30.2,0,33.1,7.36,16.15,3.9
69.6,66,90.3,30.1,0,33.1,7.36,16.15,4
65.7,61.4,88.2,29.9,0,33.1,7.36,16.15,2.8
64.4,62.3,93.7,29.8,0,33.1,7.36,16.15,6
49.9,43.5,80.1,30.1,0.57,33.1,7.36,16.15,15.4
47.3,34.1,62.9,30.2,0,33.1,7.36,16.15,8.3
54.2,50.3,87.2,29.9,0,33.1,7.36,16.15,13.9
47.2,41.8,81.9,30.2,1.01,33.1,7.36,16.15,14
45.8,37.9,74.8,30.4,0,33.1,7.36,16.15,10.1
47.6,35.1,64,30.4,0,33.1,7.36,16.15,6.4
51.5,34.1,53.3,30.3,0,33.1,7.36,16.15,7.3
46.1,42.6,87.8,30.3,0.06,33.1,7.36,16.15,10
48.8,35.6,62.4,30.4,0.7,33.1,7.36,16.15,10.2
46.2,39.8,79.5,30.3,0,33.1,7.36,16.15,8.5
49.8,43,77.9,30.3,0.2,33.1,7.36,16.15,5.9
59.2,50.5,74.9,30.1,0.01,33.1,7.36,16.15,7.9
64.4,63.5,96.9,29.9,0,33.1,7.36,16.15,11.4
61.2,59.7,94.8,30,3.66,33.1,7.36,16.15,10.3
62.4,60.1,92.9,29.8,1.1,33.1,7.36,16.15,11.8
59.8,53.1,81.8,29.9,1.18,33.1,7.36,16.15,6.4
60.6,53,78.7,29.9,0,33.1,7.36,16.15,5.9
73.1,71.7,95.5,29.8,0,33.1,7.36,16.15,13.1
62.8,50,66.9,30.1,0,33.1,7.36,16.15,12.9
60.8,57.8,90,29.8,1.25,50,137.45,29.34,7.9
61,60.2,97.4,29.8,0,50,137.45,29.34,7.2
38.8,35.9,89.7,30,0.39,50,137.45,29.34,17.4
30.5,23.8,76.6,30.4,0,50,137.45,29.34,16.6
37.9,22.8,58.6,30.4,0,50,137.45,29.34,6.4
44.8,34.7,69.2,30.2,0,50,137.45,29.34,3.8
52.7,33.4,53,30.3,0,50,137.45,29.34,8.1
50.3,27.1,44.8,30.2,0,50,137.45,29.34,4.1
53.5,37.8,60,30.1,0,50,137.45,29.34,6.1
53.8,39.8,64.8,30.1,0,50,137.45,29.34,3.1
57.3,48,75,29.9,0,50,137.45,29.34,6.7
52,46,81.4,30.1,0,50,137.45,29.34,11
45.5,20.5,40.7,30.4,0,50,137.45,29.34,7.7
52.1,35,58.3,30.3,0,50,137.45,29.34,7
60,51.8,76,30.2,0,50,137.45,29.34,12.1
68.7,61.9,80.2,29.9,0,50,137.45,29.34,15.3
67.5,58.1,74.6,29.9,0.03,50,137.45,29.34,16.3
46.8,29.9,53.5,30.2,0.03,50,137.45,29.34,13.3
52.8,31.6,47.6,30.3,0,50,137.45,29.34,6.4
58.5,50.4,74.9,30.1,0,50,137.45,29.34,7.2
73.3,66.4,80.5,29.9,0.01,50,137.45,29.34,17.8
72.8,67.8,84.2,29.9,0,50,137.45,29.34,11
51.5,48,87.9,30.1,0.02,50,137.45,29.34,12.3
42.9,40.1,90.4,30.1,0.04,50,137.45,29.34,11.3
42.4,36.2,79.3,30.3,0,50,137.45,29.34,13.4
42.4,40,91.2,30.3,0.02,50,137.45,29.34,11
48,36.8,67.8,30.3,0.06,50,137.45,29.34,13.3
51.2,29,47.8,30.3,0,50,137.45,29.34,5.2
78.9,71.2,77.9,29.9,0,50,137.45,29.34,9
78.4,70,76.4,29.8,0.09,50,137.45,29.34,13.8
79.7,71.1,75.7,29.9,0,50,137.45,29.34,12
80.2,71.3,75.5,29.9,0,50,137.45,29.34,12.7
77.7,70.2,78.6,29.8,0,50,137.45,29.34,14.2
78.8,70.8,78.3,29.8,0.5,50,137.45,29.34,7
81.4,73.8,79,29.7,0.1,50,137.45,29.34,8.8
82,72.1,73,29.7,0,50,137.45,29.34,12.4
82.6,73.1,73.5,29.8,0,50,137.45,29.34,13.4
81.5,71.2,72,30,0,50,137.45,29.34,12.3
79.9,69.8,72.9,30,0,50,137.45,29.34,8.1
79,65.6,66.8,30,0,50,137.45,29.34,6.4
79.4,67.5,69,29.9,0,50,137.45,29.34,7.5
79.7,68.3,69.6,29.9,0,50,137.45,29.34,7.2
80.3,67.5,67.5,29.9,0,50,137.45,29.34,8.7
81.9,69.3,68,29.9,0,50,137.45,29.34,8
80.5,69.4,70.9,29.9,0,50,137.45,29.34,8
81.8,69.6,69,29.9,0,50,137.45,29.34,11.3
82.5,69.9,67.3,29.8,0,50,137.45,29.34,13.5
83.5,72.9,71.5,29.7,0,50,137.45,29.34,15.5
84.9,75.2,72.9,29.8,0,50,137.45,29.34,13.3
76.9,68.5,76.6,30,0.8,50,137.45,29.34,9
76.5,67,73.1,29.9,0.22,50,137.45,29.34,10.1
75.5,69.4,81.6,29.7,0,50,137.45,29.34,9.7
72.7,62.1,71.7,29.8,1.37,50,137.45,29.34,10.1
78.9,58.4,54.1,29.9,0,50,137.45,29.34,6.3
83.1,66.3,60.6,29.9,0,50,137.45,29.34,8.2
82.3,68.4,64.1,29.8,0,50,137.45,29.34,7
81.3,70.7,72,29.7,0,50,137.45,29.34,10.9
83.5,72.5,70.1,29.8,0,50,137.45,29.34,15.8
83.7,73.5,72.1,29.8,0,50,137.45,29.34,12.6
86,72.5,64.9,30,0,50,137.45,29.34,9
87.6,73.6,65.7,29.9,0.09,50,137.45,29.34,9.6
88,73.4,64.5,29.9,0,50,137.45,29.34,12
88.5,72.3,62.2,29.9,0,50,137.45,29.34,8.8
81.3,74.4,80.2,29.9,0,50,137.45,29.34,6.5
80.6,74.2,81.3,30,0.34,50,137.45,29.34,6
85.3,73.3,68.8,30,0.36,50,137.45,29.34,8
85.9,73.2,67.6,30,0,50,137.45,29.34,6.4
86.9,72.8,64.8,30,0,50,137.45,29.34,6.6
83.8,72.2,70.9,30,0,50,137.45,29.34,6.4
84.1,72.4,70.5,29.9,0.11,50,137.45,29.34,6.9
83,73.7,74.5,29.9,0.48,50,137.45,29.34,6.7
84.3,73.6,71,29.9,0.17,50,137.45,29.34,10.6
83.9,73,71,29.9,0.02,50,137.45,29.34,8.2
85.6,73.3,68.1,29.9,0.06,50,137.45,29.34,7.8
85.4,72.3,66.8,29.9,0,50,137.45,29.34,6.8
86.4,73.6,68,29.9,0,50,137.45,29.34,7.4
82.5,73.3,76.1,29.9,0,50,137.45,29.34,7
77.6,73.1,85.8,29.9,0.43,50,137.45,29.34,5.3
82.2,75.2,79.6,29.9,0.58,50,137.45,29.34,6.1
83.7,75.4,76.7,29.9,1.29,50,137.45,29.34,9.3
85.5,76,74.1,29.9,0.01,50,137.45,29.34,10.6
84,74,72.7,29.8,0,50,137.45,29.34,8.5
81.3,75.1,81.4,29.8,0.03,50,137.45,29.34,5.7
83.8,74,73.1,29.9,0.14,50,137.45,29.34,5.5
83.1,73.8,74,29.9,0,50,137.45,29.34,5.9
82.6,74.8,77.7,29.8,0.06,50,137.45,29.34,7.1
84.2,74.1,73.1,29.8,0.01,50,137.45,29.34,8.3
79.6,75,85.8,29.9,0.05,50,137.45,29.34,7.5
83,74.7,76.7,29.9,0.27,50,137.45,29.34,7.3
84.9,73.5,69.7,29.9,0.02,50,137.45,29.34,5.8
65.3,61.2,86.6,30.1,0.02,50,137.45,29.34,9.2
68.9,61.4,77.3,30.1,0.43,50,137.45,29.34,9.3
76.1,70.7,84.3,30,0,50,137.45,29.34,9.6
78.5,72.8,83.3,29.8,0,50,137.45,29.34,13.9
65.6,53.1,66.4,29.9,0.22,50,137.45,29.34,8.3
75.2,69.4,82.5,29.9,0,50,137.45,29.34,7.5
76.5,70.5,82.8,30.1,0,50,137.45,29.34,7.1
75.7,66.9,75.6,30.1,0,50,137.45,29.34,8.7
74.7,65.8,75.4,30.1,0,50,137.45,29.34,6
72.7,64.5,76.7,29.9,0,50,137.45,29.34,6.1
66.3,60.9,83.5,29.8,0,50,137.45,29.34,11
48.5,35.6,61.4,30.1,0,50,137.45,29.34,15.9
50.9,31.3,48.3,30.2,0,50,137.45,29.34,7.5
55.4,50.1,83.1,29.9,0,50,137.45,29.34,14.2
48.6,39.1,70.3,30.2,1,50,137.45,29.34,14.9
47.8,35.8,63.9,30.4,0,50,137.45,29.34,10.2
51.3,36,57,30.4,0,50,137.45,29.34,5
53,34.1,50,30.3,0,50,137.45,29.34,8.8
46.7,42.2,84.6,30.3,0.07,50,137.45,29.34,13.1
49.4,35.2,59.3,30.3,1.05,50,137.45,29.34,10.3
47.2,40.8,79.2,30.3,0.01,50,137.45,29.34,8.8
52.6,43.1,71.2,30.2,0.58,50,137.45,29.34,6
59.6,49.8,71.5,30,0.05,50,137.45,29.34,7.9
66.7,64.5,92.5,29.9,0,50,137.45,29.34,10.3
61.3,58,88.8,30,1.53,50,137.45,29.34,12.3
60.5,53.1,78.3,29.8,0.96,50,137.45,29.34,12
61.9,49.5,65.6,29.9,0.61,50,137.45,29.34,8.1
62,52.5,73.2,29.9,0,50,137.45,29.34,5.5
74.7,70.3,86.3,29.8,0,50,137.45,29.34,10.8
61.4,43.6,55.3,30.1,0,50,137.45,29.34,15.2
36.2,35.3,96.9,30.2,0,0.3,20.55,0.65,13
42.2,38.8,88.1,30.2,0.03,0.3,20.55,0.65,13.4
50.5,42.7,75.5,30.4,0.01,0.3,20.55,0.65,9.4
53.3,47,81.5,30.3,0,0.3,20.55,0.65,7.6
63,55.6,79.7,30.1,0,0.3,20.55,0.65,7.2
68.2,61,79.6,29.9,0,0.3,20.55,0.65,17.2
73.7,67.7,82,29.9,0,0.3,20.55,0.65,21
62.5,59.6,90.7,30,0,0.3,20.55,0.65,14.1
53.9,45.9,79.4,30.1,0.15,0.3,20.55,0.65,5
56.1,41,60,30.2,0,0.3,20.55,0.65,16
50,25.9,44.5,30.3,0,0.3,20.55,0.65,10.3
54,38.8,58.4,30.1,0,0.3,20.55,0.65,6.8
65.6,55.9,72.1,29.9,0,0.3,20.55,0.65,15.3
73.6,60.9,68.6,29.7,0,0.3,20.55,0.65,14.1
71.5,68,89.7,29.7,0,0.3,20.55,0.65,15.4
63.3,46.5,59.3,29.9,0,0.3,20.55,0.65,18.4
49.4,23.6,37.3,30.4,0,0.3,20.55,0.65,16.1
53.4,42.4,67.2,30.3,0,0.3,20.55,0.65,11.1
64.5,56.3,77,30.1,0,0.3,20.55,0.65,9.5
73.1,66.9,82.2,30,0,0.3,20.55,0.65,13
73.2,67.3,83.1,29.7,0,0.3,20.55,0.65,20.9
75,67.6,80.8,29.6,0,0.3,20.55,0.65,16.5
73.7,70.2,90,29.8,0,0.3,20.55,0.65,13.4
75.3,71.2,87.4,30,0,0.3,20.55,0.65,12.3
73.2,68.6,85.7,30.1,0,0.3,20.55,0.65,12.9
75.8,69.6,82.1,29.9,0,0.3,20.55,0.65,21.7
73,70,90,29.7,0,0.3,20.55,0.65,21
79.4,72.6,80.7,29.8,0,0.3,20.55,0.65,13.9
80.4,72.1,76.1,29.8,0,0.3,20.55,0.65,21.4
79.1,73.6,83.2,29.8,0,0.3,20.55,0.65,16.6
81.2,73.3,77.8,29.8,0,0.3,20.55,0.65,20.3
81.5,74.1,78.7,29.8,0,0.3,20.55,0.65,18.4
81.3,75.7,84.2,29.8,0,0.3,20.55,0.65,9.8
81,75,83.8,29.7,0,0.3,20.55,0.65,13.2
82.1,74.5,78.8,29.6,0,0.3,20.55,0.65,20
82.9,75.8,80.1,29.7,0,0.3,20.55,0.65,18.4
82.5,75,78.7,29.9,0,0.3,20.55,0.65,17.8
80.9,71.8,75.3,30,0,0.3,20.55,0.65,11.3
78.5,69.6,75.9,29.9,0,0.3,20.55,0.65,11.1
78.1,67.9,72.8,29.9,0,0.3,20.55,0.65,10.6
80.4,69.7,71.9,29.9,0,0.3,20.55,0.65,10.4
79.3,69.7,74.6,29.9,0,0.3,20.55,0.65,12.7
79.2,71.3,78.8,29.9,0,0.3,20.55,0.65,11.8
79.7,71.4,77.4,29.9,0,0.3,20.55,0.65,14.7
80.3,72.7,78.7,29.8,0,0.3,20.55,0.65,17.6
80.5,72.8,78.6,29.7,0,0.3,20.55,0.65,18.6
81.4,75.3,82.1,29.6,0,0.3,20.55,0.65,23.1
83.9,77,80.7,29.7,0,0.3,20.55,0.65,18.8
76.5,71.9,86.5,30,0.48,0.3,20.55,0.65,12.4
78.8,72,80.2,29.9,0.6,0.3,20.55,0.65,11.5
76,69.5,80.7,29.7,0.27,0.3,20.55,0.65,17.4
72.2,66.3,82.5,29.8,1.32,0.3,20.55,0.65,14.6
75.9,70.9,86.3,29.9,0.03,0.3,20.55,0.65,3.6
78.8,73.6,86.2,29.9,0,0.3,20.55,0.65,8.5
80.7,75.5,85.3,29.8,0,0.3,20.55,0.65,11.2
81.9,75,80.3,29.7,0,0.3,20.55,0.65,18.1
83.2,75.4,77.8,29.7,0,0.3,20.55,0.65,20.9
82.3,76,81.6,29.8,0,0.3,20.55,0.65,15.2
85,74.6,72.1,30,0,0.3,20.55,0.65,10.1
87,75.6,70.2,29.9,0,0.3,20.55,0.65,14.7
86.2,76.8,74.5,29.9,0,0.3,20.55,0.65,18.1
86.2,76.3,73.7,29.9,0,0.3,20.55,0.65,16.5
84.6,75.4,75.7,29.9,0,0.3,20.55,0.65,10
83.8,75.1,75.5,29.9,0,0.3,20.55,0.65,10.7
85.5,76.2,75.1,30,0.28,0.3,20.55,0.65,11.8
84.4,76,77.2,30,0,0.3,20.55,0.65,7.7
85.4,75,73.5,29.9,0.04,0.3,20.55,0.65,8.5
86.4,75.2,71.4,30,0,0.3,20.55,0.65,7.5
86,74.7,70.5,29.9,0,0.3,20.55,0.65,6.2
85.9,74.5,70,29.9,0.01,0.3,20.55,0.65,7
82.7,75.4,79.9,29.9,0,0.3,20.55,0.65,6.4
77.3,76.4,96.7,29.8,2.15,0.3,20.55,0.65,10.7
80.1,76.3,89.1,29.8,4.05,0.3,20.55,0.65,10
84.5,77.5,80.6,29.9,0,0.3,20.55,0.65,10.4
84.9,77.8,80.7,29.9,0,0.3,20.55,0.65,8.5
84.8,77.8,81.2,29.9,0,0.3,20.55,0.65,7.2
84.9,76,76.5,29.9,0,0.3,20.55,0.65,10.2
85.5,76.6,75.8,29.9,0,0.3,20.55,0.65,11.5
81.6,77.3,87.2,29.9,0.47,0.3,20.55,0.65,12.3
88.3,78.8,74.7,29.8,0.25,0.3,20.55,0.65,10.8
86.5,76.5,72.8,29.8,0.01,0.3,20.55,0.65,7.5
85.5,78.2,79.3,29.8,0.18,0.3,20.55,0.65,6.5
82.3,76.9,84.2,29.9,0.89,0.3,20.55,0.65,5.2
84.8,77.4,79.3,29.9,0.58,0.3,20.55,0.65,6.1
85.4,77.8,78.8,29.8,0,0.3,20.55,0.65,7.9
85.2,77.6,79,29.8,0.22,0.3,20.55,0.65,7.9
83.9,78.4,83.7,29.8,0.01,0.3,20.55,0.65,8.4
83.5,78.1,84,29.9,0.45,0.3,20.55,0.65,8.7
83.5,77.4,82,29.9,1.14,0.3,20.55,0.65,6.5
67.5,66.2,95.7,30,1.79,0.3,20.55,0.65,14.4
70.6,68.8,93.8,30.1,1.46,0.3,20.55,0.65,8.9
73.7,72.3,95.7,30,0,0.3,20.55,0.65,9
77.2,76,96.1,29.8,0,0.3,20.55,0.65,18.6
70,60.5,74,29.9,0.03,0.3,20.55,0.65,9.7
75.8,73.9,93.9,29.9,0,0.3,20.55,0.65,9.3
78.3,74.9,90.4,30,0,0.3,20.55,0.65,11.9
76.7,73.8,91.3,30.1,0,0.3,20.55,0.65,10.4
75.3,70.2,85.4,30,0.01,0.3,20.55,0.65,8.3
73.5,69.5,88.3,29.8,0,0.3,20.55,0.65,7.9
69.8,65.2,86.1,29.8,0,0.3,20.55,0.65,13.9
53.9,37.3,55,30.2,0.01,0.3,20.55,0.65,16.5
55.6,44.8,67.5,30.1,0,0.3,20.55,0.65,13
66.4,64.4,93.5,29.9,0,0.3,20.55,0.65,10.4
52.6,43.5,72.5,30.2,0.05,0.3,20.55,0.65,15.1
47.7,40.1,75.2,30.4,0,0.3,20.55,0.65,13.1
52.2,39.6,62.4,30.3,0,0.3,20.55,0.65,14
55.2,44.8,68,30.2,0,0.3,20.55,0.65,19.5
46.9,44.7,92.5,30.2,0.11,0.3,20.55,0.65,24.6
47.5,39.9,75.5,30.3,0.53,0.3,20.55,0.65,14.5
46.6,43.4,89.4,30.3,0,0.3,20.55,0.65,15.7
50.6,48.3,92.2,30.2,0.23,0.3,20.55,0.65,12.2
62.1,59.2,90.6,30,0.02,0.3,20.55,0.65,9.7
68.3,67.7,98.3,29.8,0.02,0.3,20.55,0.65,4.7
61.7,60.7,96.6,29.9,0.02,0.3,20.55,0.65,15
57.5,52.2,83.9,29.9,0.86,0.3,20.55,0.65,15.4
61.1,57.8,89.5,29.9,0,0.3,20.55,0.65,6.4
65.2,64.8,98.7,29.9,0,0.3,20.55,0.65,7.7
72,70.2,94.9,29.8,0.01,0.3,20.55,0.65,9.1
60.2,49.4,70.9,30.1,0.01,0.3,20.55,0.65,16.9
61.6,57.3,85.9,29.8,0.98,0.43,6.08,0.83,10.3
64,60.5,88.6,29.8,0.02,0.43,6.08,0.83,8.1
50.1,45.5,84.2,29.9,0.2,0.43,6.08,0.83,20.5
35.4,27.4,72.7,30.5,0.06,0.43,6.08,0.83,21.8
41.6,28.4,60.6,30.5,0,0.43,6.08,0.83,11.1
50.2,39.4,66.9,30.3,0,0.43,6.08,0.83,7.3
55.3,39.9,59,30.3,0,0.43,6.08,0.83,8.8
53.6,35.9,52.5,30.3,0,0.43,6.08,0.83,7.8
56.2,44.3,66.3,30.1,0,0.43,6.08,0.83,6.7
56.7,47.8,73.7,30.1,0,0.43,6.08,0.83,4.8
60.7,52.2,75.2,30,0,0.43,6.08,0.83,7.9
57.5,50.9,79.1,30.1,0,0.43,6.08,0.83,15.2
49.4,26.7,43,30.4,0,0.43,6.08,0.83,13.6
55.1,41.7,62.8,30.4,0,0.43,6.08,0.83,5.7
63.3,55.5,76.5,30.2,0,0.43,6.08,0.83,13.5
66.9,61,81.5,30,0.04,0.43,6.08,0.83,16.1
68.1,59.9,76.7,29.9,0.01,0.43,6.08,0.83,15.5
48.3,34.2,58.8,30.3,0.03,0.43,6.08,0.83,18.9
54.7,36.2,50.9,30.4,0,0.43,6.08,0.83,9.9
62.2,54.2,75.3,30.2,0,0.43,6.08,0.83,10.2
68.4,64.2,86.6,30,0.01,0.43,6.08,0.83,15.1
69,65.1,87.3,30,0,0.43,6.08,0.83,11.1
62.2,58.8,88.6,30.1,0,0.43,6.08,0.83,13
52.2,48.3,86.3,30.1,0,0.43,6.08,0.83,14.9
47,40.7,78.6,30.3,0.04,0.43,6.08,0.83,19.4
46.5,42.1,84.8,30.3,0,0.43,6.08,0.83,15.3
50,41.3,72.8,30.3,0.01,0.43,6.08,0.83,16.8
53.4,39,60.1,30.3,0,0.43,6.08,0.83,6.9
80.2,73.8,80.4,29.9,0,0.43,6.08,0.83,11.8
80.3,72.6,77.4,29.9,0,0.43,6.08,0.83,18.1
81.2,73.1,76.5,29.9,0,0.43,6.08,0.83,15.1
81.9,74,76.7,29.9,0,0.43,6.08,0.83,16.1
80.1,73.6,80.5,29.9,0,0.43,6.08,0.83,14.2
80.6,74.1,80.9,29.9,1.03,0.43,6.08,0.83,10
82.5,75.1,78.4,29.8,0,0.43,6.08,0.83,12
83,74.7,76,29.8,0,0.43,6.08,0.83,15.3
83.9,75.7,76.4,29.9,0,0.43,6.08,0.83,17.7
83.3,73.7,72.8,30,0,0.43,6.08,0.83,16.5
82.5,71.3,69.3,30.1,0,0.43,6.08,0.83,11.7
80.8,68.7,67,30,0,0.43,6.08,0.83,7.2
82.2,70.5,68.4,29.9,0,0.43,6.08,0.83,11.7
83.5,69.5,63.2,30,0,0.43,6.08,0.83,12.8
85.3,71.3,63.2,29.9,0,0.43,6.08,0.83,13.8
83.2,71.8,68.8,29.9,0,0.43,6.08,0.83,11.6
82.9,71.8,69.7,30,0,0.43,6.08,0.83,10
85.2,73.7,68.4,29.9,0,0.43,6.08,0.83,15.9
84.5,72.7,67.8,29.8,0,0.43,6.08,0.83,17.1
85.2,75.5,72.6,29.7,0,0.43,6.08,0.83,19.1
85.7,77.6,76.7,29.9,0,0.43,6.08,0.83,14.9
79,70.7,76.1,30.1,1.1,0.43,6.08,0.83,15
78.3,69.2,74,30,0.18,0.43,6.08,0.83,11.7
79.4,70.1,73.4,29.8,0,0.43,6.08,0.83,13.1
76.8,65.4,68.8,29.8,0.68,0.43,6.08,0.83,13.7
81.8,66.2,59.4,29.9,0,0.43,6.08,0.83,10.4
84.4,72.5,68,30,0,0.43,6.08,0.83,10.1
83.5,73.5,72.1,29.9,0,0.43,6.08,0.83,8.5
84.5,73.1,68.7,29.8,0,0.43,6.08,0.83,16.1
85.8,74.7,69.4,29.8,0,0.43,6.08,0.83,19.4
85.1,75.3,72.3,29.9,0,0.43,6.08,0.83,15.9
87.8,75,65.7,30.1,0,0.43,6.08,0.83,13.4
89.5,76.3,64.9,30,0.26,0.43,6.08,0.83,15.3
89.8,76.8,65.5,29.9,0,0.43,6.08,0.83,15
89.5,75.9,64.2,30,0,0.43,6.08,0.83,13.6
85.7,74.2,68.5,30,0,0.43,6.08,0.83,7
84.4,75.2,74.1,30,0.51,0.43,6.08,0.83,9.4
88.4,75.6,65.9,30.1,0.58,0.43,6.08,0.83,10.4
88.3,74.7,64.1,30.1,0,0.43,6.08,0.83,9.9
88.6,75.3,64.7,30,0.02,0.43,6.08,0.83,10
86.8,74.8,68,30,0,0.43,6.08,0.83,7.1
85.8,76.1,73.4,30,0.28,0.43,6.08,0.83,8.7
84.8,75.3,73.4,29.9,0.51,0.43,6.08,0.83,9.6
85.8,75.5,71.5,29.9,0.03,0.43,6.08,0.83,12.7
85.3,74.7,71,29.9,0.27,0.43,6.08,0.83,11.1
87.8,75.2,66.3,29.9,0.27,0.43,6.08,0.83,9.8
88,75.1,65.7,29.9,0,0.43,6.08,0.83,9.6
88.1,76.8,69.4,30,0,0.43,6.08,0.83,9.6
84.9,75.1,72.8,29.9,0,0.43,6.08,0.83,9.2
74,66.3,66.7,29.9,1.2,0.43,6.08,0.83,5.7
87,77,72,30,0,0.43,6.08,0.83,12.5
88.3,77.7,70.8,30,0.14,0.43,6.08,0.83,14.3
87.3,77.3,72.2,29.9,0,0.43,6.08,0.83,14.8
86.8,76.3,70.8,29.9,0.26,0.43,6.08,0.83,11.7
82.8,76,79.7,29.9,0,0.43,6.08,0.83,6.5
83.1,76.7,80.9,29.9,0.25,0.43,6.08,0.83,5.2
83.8,75.8,76.9,29.9,0.7,0.43,6.08,0.83,8.1
84.5,75.3,74,29.9,0.05,0.43,6.08,0.83,7.8
86.5,75.9,70.7,29.9,0.5,0.43,6.08,0.83,12.2
82.2,75.2,79.4,29.9,0,0.43,6.08,0.83,13.5
87.2,78,74.3,30,1.03,0.43,6.08,0.83,7.3
86.6,77.2,73.6,30,0,0.43,6.08,0.83,7.7
67.3,62.8,85.7,30.1,0.12,0.43,6.08,0.83,9.4
70.7,65.5,84,30.1,0.47,0.43,6.08,0.83,12.9
75.3,72.9,92.2,30.1,0,0.43,6.08,0.83,10.7
76.7,74.2,92.2,29.9,0,0.43,6.08,0.83,13.3
68.7,61.6,79.2,29.9,0.6,0.43,6.08,0.83,12.3
76.2,73.5,91.4,29.9,0.01,0.43,6.08,0.83,10.3
74.8,72.5,92.8,30.1,0,0.43,6.08,0.83,8.4
74.6,70.4,87,30.2,0,0.43,6.08,0.83,9
74.6,69.7,85.1,30.1,0,0.43,6.08,0.83,8.8
73.5,65.7,76.7,29.9,0,0.43,6.08,0.83,8.9
70.7,65.6,84.6,29.8,0,0.43,6.08,0.83,13.6
53.7,43.3,69.7,30.1,0.01,0.43,6.08,0.83,24.4
53.3,37.1,54.7,30.2,0,0.43,6.08,0.83,12.6
64.4,60.7,88,29.9,0,0.43,6.08,0.83,18.1
50.5,41.3,71,30.3,0,0.43,6.08,0.83,19
49.3,39.6,69.8,30.4,0,0.43,6.08,0.83,16.6
51.8,38.4,60.2,30.4,0,0.43,6.08,0.83,12.2
46.6,44.1,91,30.3,0,0.43,6.08,0.83,22.9
53,40.5,62.5,30.3,0,0.43,6.08,0.83,12.5
48.5,43,81.5,30.4,0,0.43,6.08,0.83,14
50.1,45.5,84.3,30.3,0,0.43,6.08,0.83,11.1
60.1,55.8,86.4,30.1,0.97,0.43,6.08,0.83,8.7
21.4,21.2,30.4,29.9,0,0.43,6.08,0.83,12.1
28.8,21.5,25.4,30,0,0.43,6.08,0.83,10.8
72.7,57.7,61.4,29.9,0.76,0.43,6.08,0.83,13.7
80.9,57.5,45,29.9,0.43,0.43,6.08,0.83,9.4
57.1,51.6,71.3,29.9,0,0.43,6.08,0.83,9
66.7,65.3,89.3,29.8,0,0.43,6.08,0.83,12.9
64.8,53.4,68.5,30.1,0,0.43,6.08,0.83,16
59.6,57.7,94,29.8,0.11,30,0.07,4.39,5.9
71.6,67.5,88.1,29.7,0,30,0.07,4.39,13.2
50,47,89.6,30,0.03,30,0.07,4.39,17.4
37.3,25.5,63.6,30.5,0.01,30,0.07,4.39,18.8
42,29.9,64.3,30.5,0,30,0.07,4.39,7
52.4,45.1,77.8,30.1,0,30,0.07,4.39,5.6
55.4,50.5,85,30.2,1.12,30,0.07,4.39,10.6
52.5,40.4,68.1,30.2,0.37,30,0.07,4.39,7.1
53.3,42,70.9,30.1,0,30,0.07,4.39,4.6
58.7,50.4,75.9,30,0,30,0.07,4.39,5.1
63.3,56.7,80.5,29.9,0,30,0.07,4.39,5.3
63.5,57.9,82.7,30.1,0,30,0.07,4.39,9.3
48.5,30.5,54.4,30.4,0.04,30,0.07,4.39,10.3
53.7,41.7,68.1,30.3,0,30,0.07,4.39,7.5
60.9,52.4,77.1,30.1,0,30,0.07,4.39,11.9
70.7,62.6,76.9,29.8,0,30,0.07,4.39,21.7
72.2,57.9,63.7,29.8,0,30,0.07,4.39,12.8
50.2,34,56,30.2,0,30,0.07,4.39,8.2
56.9,47.2,71.6,30.3,0,30,0.07,4.39,8.4
67.2,61.1,81.9,30.1,0,30,0.07,4.39,7.7
72.8,65.8,80.4,29.9,0,30,0.07,4.39,15.8
75.3,67.8,78.9,29.9,0,30,0.07,4.39,14.9
67.5,62.7,85.2,30,0,30,0.07,4.39,12.2
43.1,41.2,93.5,30.1,0,30,0.07,4.39,8.2
41.3,39.7,94.2,30.3,0,30,0.07,4.39,12.2
42.9,41.3,94.6,30.2,0.04,30,0.07,4.39,12.2
48.2,44,86,30.3,0.01,30,0.07,4.39,12.7
52.8,40.6,67.6,30.3,0.01,30,0.07,4.39,7.9
80.6,73.1,79.3,29.8,0,30,0.07,4.39,14.1
81.7,72.1,74,29.8,0,30,0.07,4.39,20
81.2,73.4,78.1,29.8,0,30,0.07,4.39,15.1
82.1,73.5,76.2,29.8,0,30,0.07,4.39,17.9
83.5,73.4,72.9,29.8,0,30,0.07,4.39,16.5
82.2,74.9,80.5,29.8,0,30,0.07,4.39,8.6
83,74.7,77.9,29.7,0,30,0.07,4.39,12.2
82.5,74.8,78.6,29.6,0,30,0.07,4.39,15.5
84.9,76,75.8,29.7,0,30,0.07,4.39,16.7
83.7,74.6,75.4,29.9,0,30,0.07,4.39,15.1
80,72,78.9,30,0,30,0.07,4.39,9.4
75.8,67.5,78.8,29.9,0,30,0.07,4.39,8.8
79.8,67.8,69.9,29.8,0,30,0.07,4.39,12.3
80.4,68.6,70,29.9,0,30,0.07,4.39,10.9
78.4,68.5,75.1,29.9,0,30,0.07,4.39,10.1
78.8,70.2,77.8,29.9,0,30,0.07,4.39,10.3
79.5,70.4,76.2,29.9,0,30,0.07,4.39,13.3
81,71.2,74.5,29.8,0,30,0.07,4.39,16.4
82.3,72.1,73.3,29.7,0,30,0.07,4.39,17.1
85.1,73.9,70.9,29.6,0,30,0.07,4.39,21
84.9,75.2,74.8,29.7,0,30,0.07,4.39,17.5
81.3,73.8,78.8,29.9,0,30,0.07,4.39,12.2
78.9,70.7,77.7,29.9,0,30,0.07,4.39,10.3
74.4,69.5,85.6,29.7,4.17,30,0.07,4.39,17.7
77.9,70.7,79.7,29.8,0.73,30,0.07,4.39,11.7
80.9,72,76.7,29.9,0.01,30,0.07,4.39,6
80.6,74.7,83.7,29.9,0,30,0.07,4.39,8.1
82,74.8,81.5,29.8,0,30,0.07,4.39,10.4
82.8,74.4,77,29.7,0,30,0.07,4.39,17.8
83.3,74.9,76.8,29.7,0,30,0.07,4.39,18
83.2,76.3,80.4,29.8,0,30,0.07,4.39,12.3
83.2,73.5,74.3,30,0,30,0.07,4.39,9.5
86.1,74,69.7,29.9,0.08,30,0.07,4.39,14
87.3,74.4,67.3,29.9,0,30,0.07,4.39,20
88.4,73.6,63.8,29.9,0,30,0.07,4.39,29
87.2,72.7,64.8,29.9,0,30,0.07,4.39,12.7
83.3,74.1,75.7,29.9,0,30,0.07,4.39,12.1
86.3,74.4,69.8,30,0,30,0.07,4.39,11.3
85.4,74,70.6,29.9,0,30,0.07,4.39,10.7
85.9,73.8,69.3,29.9,0,30,0.07,4.39,10.4
86.7,74,68.7,30,0,30,0.07,4.39,8.5
86.8,73.8,68,29.9,0,30,0.07,4.39,8.9
85.5,73.6,70.4,29.9,0,30,0.07,4.39,6.6
83.7,74.9,76.6,29.9,0,30,0.07,4.39,5.7
78,74.7,90.5,29.8,0,30,0.07,4.39,10.7
85.3,78.5,81.2,29.8,0,30,0.07,4.39,13.4
86.2,77.6,77.3,29.8,0,30,0.07,4.39,12.7
84.6,78.2,82.2,29.9,0,30,0.07,4.39,9.7
86.1,76,74.3,29.9,0,30,0.07,4.39,9.5
86,73.7,69.8,29.8,0,30,0.07,4.39,11.8
85.4,76,74.9,29.9,0,30,0.07,4.39,13.7
85.9,76,73.5,29.9,0,30,0.07,4.39,14.4
87.6,76.4,72.1,29.8,0,30,0.07,4.39,13.7
87.4,74.9,69.9,29.8,0,30,0.07,4.39,8.9
86.9,75.8,72.3,29.8,0,30,0.07,4.39,9.9
84.7,76.6,78.6,29.9,0,30,0.07,4.39,7.4
81.7,77.4,88.5,29.9,0,30,0.07,4.39,5.3
85,76.9,78.3,29.8,0,30,0.07,4.39,9.2
85.7,76.3,75.2,29.7,0,30,0.07,4.39,8.7
86,77.1,75.9,29.8,0,30,0.07,4.39,12.6
85.6,78.3,80.2,29.9,0,30,0.07,4.39,10.6
83.6,76.6,81.7,29.9,0,30,0.07,4.39,6.2
73.5,71.8,94.8,30,0.07,30,0.07,4.39,10.5
72.9,70.6,93.1,30.1,0.09,30,0.07,4.39,5.6
75.2,70.3,87.1,30,0,30,0.07,4.39,8.1
81.1,75.5,84.5,29.8,0,30,0.07,4.39,18.4
74.1,67.9,82.5,29.8,0,30,0.07,4.39,9.7
80.2,73.3,80.5,29.8,0,30,0.07,4.39,8.3
80.6,74.8,84.7,30,0,30,0.07,4.39,10.4
73.7,69.5,88.9,30.1,0.01,30,0.07,4.39,5.7
72.7,68.2,88.3,30,0,30,0.07,4.39,5.5
74.1,66.5,80.4,29.8,0,30,0.07,4.39,8
76.1,68,77.9,29.8,0,30,0.07,4.39,13.4
55.1,44.7,71.5,30.1,0.92,30,0.07,4.39,17.2
61,52.3,75.3,30.1,0,30,0.07,4.39,9.4
68.8,64.2,86.8,29.9,0.02,30,0.07,4.39,8.3
57.1,47.8,73,30.2,0,30,0.07,4.39,12.4
51.2,43.6,75.5,30.3,0,30,0.07,4.39,15.1
52.5,49.6,90.2,30.3,0,30,0.07,4.39,13
58,57,96.2,30.1,0.04,30,0.07,4.39,9
50.7,50.2,98.4,30.1,0.44,30,0.07,4.39,22.6
46.7,43.4,88.5,30.3,0.13,30,0.07,4.39,18.5
47.5,46,94.7,30.2,0,30,0.07,4.39,17.4
50.2,50.2,100,30.2,0.79,30,0.07,4.39,13.6
58.1,57.7,98.5,30,0.53,30,0.07,4.39,7
67.2,65.8,95.9,29.8,0,30,0.07,4.39,5.3
64.8,64.8,100,29.9,0.01,30,0.07,4.39,10.8
58.3,51.6,81.6,29.9,0.3,30,0.07,4.39,13.6
64.5,60.6,89.1,29.9,0,30,0.07,4.39,7.2
69.1,67.8,95.8,29.9,0,30,0.07,4.39,6.1
76.3,72.9,90.6,29.8,0,30,0.07,4.39,13.6
68.5,64.9,88.7,30,0,30,0.07,4.39,11.1
68.6,56.9,67.6,30.1,0,50,137.45,29.34,5.2
70.8,61.2,72.9,30.1,0,50,137.45,29.34,6.4
65.6,59.3,80.5,30.1,0,50,137.45,29.34,8.6
55.5,48,76.7,30.2,0.62,50,137.45,29.34,12.7
58.4,40.5,53,30.1,0,50,137.45,29.34,7.4
58.8,44.9,62,30.2,0,50,137.45,29.34,4.7
60.7,49.8,69.3,30.2,0,50,137.45,29.34,4.5
64.8,54.6,71,30.2,0,50,137.45,29.34,5.2
67.7,58.9,75,30.1,0,50,137.45,29.34,5.8
73.4,64,74,29.9,0,50,137.45,29.34,9.2
70.5,62.3,75.8,29.9,0,50,137.45,29.34,8.6
66.2,52.9,64.7,30.1,0.33,50,137.45,29.34,6
59,35.2,44.2,30.2,0,50,137.45,29.34,7.2
64.5,51,63.4,30.1,0,50,137.45,29.34,5.9
71,59.8,69.4,30.1,0,50,137.45,29.34,7.6
73.1,62.4,70.9,30,0,50,137.45,29.34,10.2
75.3,65.1,72.2,30,0,50,137.45,29.34,9.5
66.4,54.2,66.8,30.2,0,50,137.45,29.34,11.9
57.5,37.7,48.8,30.3,0,50,137.45,29.34,8.3
66.7,56.7,70.7,30.1,0,50,137.45,29.34,7.1
71.9,64.8,79,30.1,0,50,137.45,29.34,7.8
63.6,47.3,56.8,30.2,0.5,50,137.45,29.34,10
61,48.9,65.9,30.1,0,50,137.45,29.34,5.6
70.9,60.4,70.3,30,0,50,137.45,29.34,11.5
66.6,60.1,80.2,30.1,0,50,137.45,29.34,10.3
54.2,36,51.3,30.2,0.59,50,137.45,29.34,9.9
55,46.3,72.9,30.1,0,50,137.45,29.34,3.6
56.6,52,84.5,30.1,0.18,50,137.45,29.34,6.2
58.2,48.7,73.5,30.1,0.01,50,137.45,29.34,3.3
59.1,52.1,79.4,30.1,0,50,137.45,29.34,4.9
73.6,67.5,81.4,29.9,1.06,50,137.45,29.34,10.3
76.8,69,78.6,29.6,1.25,50,137.45,29.34,10.9
81.3,72.4,74.9,29.6,0,50,137.45,29.34,14
81.3,70.1,69.5,29.8,0,50,137.45,29.34,8.8
74,56.9,56.8,30,0,50,137.45,29.34,11.3
76.2,57.2,54.3,30.1,0,50,137.45,29.34,7.5
76.3,54.7,51.8,30.1,0,50,137.45,29.34,7
77.8,67.4,70.9,29.9,0,50,137.45,29.34,13.4
81.7,72.1,72.9,29.8,0,50,137.45,29.34,14.3
82.5,73,74.4,29.8,0.01,50,137.45,29.34,9.1
80.4,71.3,74.6,29.9,0,50,137.45,29.34,11.7
69.4,62,77.4,30,0.11,50,137.45,29.34,12.8
71.1,59.6,68.9,30.1,0.06,50,137.45,29.34,9.3
74.1,57.3,57.2,30.1,0,50,137.45,29.34,8.6
75.6,63.8,67.4,30,0,50,137.45,29.34,10.4
75.3,69.9,83.4,29.9,0,50,137.45,29.34,10.4
75.5,69.7,82.4,29.8,0.45,50,137.45,29.34,10.8
73.7,66,77.6,29.8,1.05,50,137.45,29.34,12.9
69.1,64.8,86,29.8,2.36,50,137.45,29.34,10.1
73.1,67,82.2,29.8,0.36,50,137.45,29.34,5.8
77,71,81.7,30,0,50,137.45,29.34,10.8
77.3,71.8,83.1,30.1,0.07,50,137.45,29.34,14.8
75.8,70.6,84.1,30.1,0.81,50,137.45,29.34,12
76.9,71.8,84.2,30,1.15,50,137.45,29.34,9.3
80.1,71.7,75.8,30,1.49,50,137.45,29.34,11.9
81,72,75.2,30.1,0.02,50,137.45,29.34,8.9
80.6,72.5,77,30,0,50,137.45,29.34,9
79.8,69.5,73.3,29.9,0,50,137.45,29.34,9.3
78.5,64.9,64.6,29.9,0.79,50,137.45,29.34,6.8
79,68.7,71,30,0,50,137.45,29.34,9.8
80.5,69.5,69.8,30,0,50,137.45,29.34,10.9
86.6,74.9,69,29.9,0,50,137.45,29.34,7.4
87.6,73.4,64.3,29.9,0,50,137.45,29.34,7.6
83.7,74.4,73.8,29.9,0,50,137.45,29.34,7.2
83.9,73.3,70.9,29.9,0.54,50,137.45,29.34,6.3
84.3,69.4,61.2,30,0,50,137.45,29.34,7.8
84,71.8,67.3,30,0.01,50,137.45,29.34,4.8
86.4,73.9,67.9,29.9,0.03,50,137.45,29.34,7.5
87.6,74.8,66.6,29.9,0,50,137.45,29.34,10.9
87.9,75.2,67.2,30,0,50,137.45,29.34,10.5
88.3,75.1,66.3,30,0,50,137.45,29.34,8.9
86.8,74,66.3,30,0,50,137.45,29.34,7
86.6,74.1,67.5,30,0.02,50,137.45,29.34,5.7
85.9,74.6,69.6,30,0.2,50,137.45,29.34,4
86.8,73.7,66.5,30,0.05,50,137.45,29.34,4.5
76.7,68.2,71.2,29.9,0,50,137.45,29.34,5.7
80.4,73.6,81.2,29.9,1.88,50,137.45,29.34,3.3
85.2,73.6,69.7,29.9,0.03,50,137.45,29.34,5.8
71.2,63.8,62.2,29.9,0,50,137.45,29.34,7.5
87.9,76,68.8,29.9,0.15,50,137.45,29.34,8.8
87.5,73.4,64.5,29.9,0.03,50,137.45,29.34,9.1
87,72.7,64.1,29.9,0,50,137.45,29.34,6.3
86.5,72.5,64.5,29.9,0,50,137.45,29.34,4.9
86.2,72.2,64.9,29.9,0,50,137.45,29.34,5.3
87.3,73.5,65.5,29.9,0,50,137.45,29.34,4.6
87.5,73.7,64.7,29.9,0,50,137.45,29.34,3.3
82.3,71.1,66.8,29,0.28,50,137.45,29.34,6.6
82.5,73.9,76.1,29.9,0.64,50,137.45,29.34,6.8
83.8,74.5,73.8,29.9,0,50,137.45,29.34,6.1
85.6,72.8,67.4,29.8,0,50,137.45,29.34,7
88.4,71.1,58.3,29.7,0,50,137.45,29.34,6.8
88.3,74,64,29.7,0,50,137.45,29.34,7.4
68.6,56.9,67.6,30.1,0,50,137.45,29.34,5.2
70.8,61.2,72.9,30.1,0,50,137.45,29.34,6.4
65.6,59.3,80.5,30.1,0,50,137.45,29.34,8.6
55.5,48,76.7,30.2,0.62,50,137.45,29.34,12.7
58.4,40.5,53,30.1,0,50,137.45,29.34,7.4
58.8,44.9,62,30.2,0,50,137.45,29.34,4.7
60.7,49.8,69.3,30.2,0,50,137.45,29.34,4.5
64.8,54.6,71,30.2,0,50,137.45,29.34,5.2
67.7,58.9,75,30.1,0,50,137.45,29.34,5.8
73.4,64,74,29.9,0,50,137.45,29.34,9.2
70.5,62.3,75.8,29.9,0,50,137.45,29.34,8.6
66.2,52.9,64.7,30.1,0.33,50,137.45,29.34,6
59,35.2,44.2,30.2,0,50,137.45,29.34,7.2
64.5,51,63.4,30.1,0,50,137.45,29.34,5.9
71,59.8,69.4,30.1,0,50,137.45,29.34,7.6
73.1,62.4,70.9,30,0,50,137.45,29.34,10.2
75.3,65.1,72.2,30,0,50,137.45,29.34,9.5
66.4,54.2,66.8,30.2,0,50,137.45,29.34,11.9
57.5,37.7,48.8,30.3,0,50,137.45,29.34,8.3
66.7,56.7,70.7,30.1,0,50,137.45,29.34,7.1
71.9,64.8,79,30.1,0,50,137.45,29.34,7.8
63.6,47.3,56.8,30.2,0.5,50,137.45,29.34,10
61,48.9,65.9,30.1,0,50,137.45,29.34,5.6
70.9,60.4,70.3,30,0,50,137.45,29.34,11.5
66.6,60.1,80.2,30.1,0,50,137.45,29.34,10.3
54.2,36,51.3,30.2,0.59,50,137.45,29.34,9.9
55,46.3,72.9,30.1,0,50,137.45,29.34,3.6
56.6,52,84.5,30.1,0.18,50,137.45,29.34,6.2
58.2,48.7,73.5,30.1,0.01,50,137.45,29.34,3.3
59.1,52.1,79.4,30.1,0,50,137.45,29.34,4.9
55.7,36.2,49,30.3,0,0.43,6.0845499,0.82528875,15.4
55.3,39.5,56.2,30.2,0,0.43,6.0845499,0.82528875,9.1
59.7,50.9,73.1,30.1,0,0.43,6.0845499,0.82528875,13.2
65.3,59.4,81.6,29.9,0,0.43,6.0845499,0.82528875,12.8
56.5,45,65.8,29.9,0,0.43,6.0845499,0.82528875,15.2
57.9,52.5,82.5,29.9,0,0.43,6.0845499,0.82528875,9.4
54.2,44.7,70.4,30,0,0.43,6.0845499,0.82528875,12.6
62.3,57.6,84.8,30,0,0.43,6.0845499,0.82528875,10.8
64.1,60.7,88.7,30,0,0.43,6.0845499,0.82528875,9.4
65.8,63.1,91.3,30,0,0.43,6.0845499,0.82528875,8.6
49.4,46.2,88.7,30,0.2,0.43,6.0845499,0.82528875,19.9
43.2,38.8,84.1,30.1,0.56,0.43,6.0845499,0.82528875,22.2
42.9,33.5,69.7,30.1,0,0.43,6.0845499,0.82528875,18.9
38.3,31.3,76.2,30.1,0,0.43,6.0845499,0.82528875,16.9
23.4,15.3,71.6,30.2,0,0.43,6.0845499,0.82528875,21.2
28.2,19.2,69.1,30.2,0,0.43,6.0845499,0.82528875,14.2
40.1,36.2,86.3,29.9,0,0.43,6.0845499,0.82528875,21.2
38.2,31.5,77.5,30.2,0,0.43,6.0845499,0.82528875,22.4
38.8,27.1,63.8,30.5,0,0.43,6.0845499,0.82528875,11.9
48.1,39.6,73.3,30.4,0,0.43,6.0845499,0.82528875,8.2
59.8,51.8,75.4,30.1,0,0.43,6.0845499,0.82528875,9.3
56.3,48.4,77.5,30.2,0,0.43,6.0845499,0.82528875,6.1
53.6,49,85.5,30.1,0,0.43,6.0845499,0.82528875,5
62.9,59.6,89,30,0,0.43,6.0845499,0.82528875,9.5
63.3,61.1,92.4,30.1,0,0.43,6.0845499,0.82528875,10.9
65.8,62.8,89.9,29.9,0.04,0.43,6.0845499,0.82528875,11.4
65.5,63.1,91.8,29.9,0,0.43,6.0845499,0.82528875,12.9
67.5,64.6,90.3,29.9,0,0.43,6.0845499,0.82528875,8.7
73.9,69.5,86,29.9,0.27,0.43,6.0845499,0.82528875,14.2
76,70.5,83,29.7,0.35,0.43,6.0845499,0.82528875,17.3
78.6,73.8,85.2,29.6,0,0.43,6.0845499,0.82528875,14.4
79.4,73.2,81.3,29.8,0,0.43,6.0845499,0.82528875,9.5
73.9,61.1,64.8,30,0.02,0.43,6.0845499,0.82528875,14.1
74.1,60.3,62.8,30.1,0,0.43,6.0845499,0.82528875,9.2
76.6,60.4,58,30.1,0,0.43,6.0845499,0.82528875,8.7
78.5,68.6,71.8,30,0,0.43,6.0845499,0.82528875,18.2
79.4,73.2,81.3,29.9,0,0.43,6.0845499,0.82528875,16.2
80.7,74.6,81.9,29.9,0,0.43,6.0845499,0.82528875,11.7
79.3,73.5,82.9,29.9,0,0.43,6.0845499,0.82528875,12.6
72.3,66.3,81.6,30.1,0.18,0.43,6.0845499,0.82528875,15.7
72.4,61,68.1,30.2,0,0.43,6.0845499,0.82528875,13.8
75.1,61.4,62.9,30.2,0,0.43,6.0845499,0.82528875,12.3
77.5,65.5,66.6,30.1,0,0.43,6.0845499,0.82528875,15
76.8,70.3,80.5,30,0,0.43,6.0845499,0.82528875,16.4
78.2,72.1,81.9,29.9,0.53,0.43,6.0845499,0.82528875,15.9
75.7,69,80,29.9,0.93,0.43,6.0845499,0.82528875,16.1
69.9,65.3,85.3,29.9,2.47,0.43,6.0845499,0.82528875,10.5
76.5,70.9,82.6,29.9,0.43,0.43,6.0845499,0.82528875,9.4
77.4,72.2,84,30,0,0.43,6.0845499,0.82528875,12.5
77.8,72.5,83.8,30.1,0.25,0.43,6.0845499,0.82528875,16.1
76.8,71.1,82.7,30.1,0.88,0.43,6.0845499,0.82528875,13.9
78.5,73,82.8,30.1,0.32,0.43,6.0845499,0.82528875,14.3
79.4,73.6,82.4,30.1,0,0.43,6.0845499,0.82528875,13.8
80.1,73.9,81.5,30.1,0,0.43,6.0845499,0.82528875,11.2
81.2,74.2,79.1,30,0,0.43,6.0845499,0.82528875,13.3
80.7,72.6,76.4,30,0,0.43,6.0845499,0.82528875,12.1
79.4,68.1,69.5,29.9,0.2,0.43,6.0845499,0.82528875,9.2
78.3,69.6,74.8,30.1,0,0.43,6.0845499,0.82528875,13.1
80.5,70.7,72.2,30.1,0,0.43,6.0845499,0.82528875,14.6
86.6,76,70.8,30,0.52,0.43,6.0845499,0.82528875,8.8
87.1,76.5,71.1,30,0,0.43,6.0845499,0.82528875,10.1
81.9,75.4,80.8,29.9,0.15,0.43,6.0845499,0.82528875,7.7
81.6,74.8,79.7,30,0.64,0.43,6.0845499,0.82528875,7.5
83,72.7,71.3,30,0.36,0.43,6.0845499,0.82528875,8.1
82.6,72.6,72.1,30,0.05,0.43,6.0845499,0.82528875,8.3
85.1,76.2,74.6,30,0.64,0.43,6.0845499,0.82528875,9.6
85.6,76.8,75,30,0,0.43,6.0845499,0.82528875,14.6
86.9,77.4,73.3,30,0,0.43,6.0845499,0.82528875,13.5
87.3,77.6,72.8,30.1,0,0.43,6.0845499,0.82528875,12.9
86.4,75.9,71,30.1,0.01,0.43,6.0845499,0.82528875,10.8
86,75.9,71.8,30.1,0,0.43,6.0845499,0.82528875,9.5
86.4,75,69.2,30.1,0.01,0.43,6.0845499,0.82528875,7.6
85.8,74.5,69,30.1,0.1,0.43,6.0845499,0.82528875,6.1
85.5,75,71.2,30,0,0.43,6.0845499,0.82528875,7.7
86.5,74.8,68.1,29.9,0,0.43,6.0845499,0.82528875,6.8
87.2,74.4,65.8,29.9,0,0.43,6.0845499,0.82528875,7.5
89,77.7,69.4,30,0.01,0.43,6.0845499,0.82528875,15
88.9,77.4,68.8,30,0.03,0.43,6.0845499,0.82528875,14.1
88.6,74.4,62.8,29.9,0.06,0.43,6.0845499,0.82528875,12.6
88.4,74.4,63.4,29.9,0,0.43,6.0845499,0.82528875,10.6
87.2,74.7,66.5,30,0,0.43,6.0845499,0.82528875,6.4
86.7,74.4,67,30,0,0.43,6.0845499,0.82528875,6.8
88,74.6,64.8,30,0,0.43,6.0845499,0.82528875,6.5
87.7,75.3,66.8,30,0,0.43,6.0845499,0.82528875,5.2
86.4,75.3,69.6,29.9,0,0.43,6.0845499,0.82528875,7.3
81.9,74.2,77.8,29.9,0.91,0.43,6.0845499,0.82528875,6.2
85.2,75.3,72.4,29.9,0.42,0.43,6.0845499,0.82528875,6.7
86.9,75.1,68.8,29.9,0.11,0.43,6.0845499,0.82528875,8.8
88.5,75.2,65.7,29.8,0,0.43,6.0845499,0.82528875,8.7
88.5,76.4,67.7,29.8,0,0.43,6.0845499,0.82528875,9.7
59.3,52.7,79.1,30.2,0.46,0.43,6.0845499,0.82528875,18.1
60.1,43.4,54.8,30.2,0,0.43,6.0845499,0.82528875,12.1
63,49.5,62,30.2,0,0.43,6.0845499,0.82528875,7.6
63.9,52.7,67.5,30.2,0,0.43,6.0845499,0.82528875,6.1
67.9,56.1,66.6,30.2,0,0.43,6.0845499,0.82528875,6.1
72,61.1,68.8,30.2,0,0.43,6.0845499,0.82528875,9.5
75,66.8,75.8,30,0,0.43,6.0845499,0.82528875,10.2
70.8,63,76.4,30,0.07,0.43,6.0845499,0.82528875,10
69.8,59,69.1,30.1,0.46,0.43,6.0845499,0.82528875,4.8
62.5,37.8,40.5,30.2,0,0.43,6.0845499,0.82528875,6.8
67.1,53.4,62.2,30.1,0,0.43,6.0845499,0.82528875,5.9
73.3,64.5,74.6,30.2,0,0.43,6.0845499,0.82528875,8.8
75.2,65.3,71.4,30.1,0,0.43,6.0845499,0.82528875,12.6
76.5,67.8,74.9,30,0,0.43,6.0845499,0.82528875,11.1
67.8,58.2,72.2,30.3,0,0.43,6.0845499,0.82528875,15.8
59.6,44.4,57.4,30.3,0,0.43,6.0845499,0.82528875,9.8
70.2,61.4,73.8,30.2,0,0.43,6.0845499,0.82528875,9.2
73.5,67.4,81.6,30.1,0,0.43,6.0845499,0.82528875,7.1
66.7,54.5,65.3,30.2,0.04,0.43,6.0845499,0.82528875,15.9
66.5,50.2,56.4,30.2,0,0.43,6.0845499,0.82528875,10.2
73.5,62.6,68.8,30.1,0,0.43,6.0845499,0.82528875,14.2
68.3,61.5,79,30.2,0,0.43,6.0845499,0.82528875,15.8
57,41.5,56.7,30.3,0.09,0.43,6.0845499,0.82528875,15
58.9,51.5,76.6,30.1,0,0.43,6.0845499,0.82528875,8.9
59,53.1,81,30.1,0.14,0.43,6.0845499,0.82528875,11.7
60.2,51.7,74.6,30.2,0,0.43,6.0845499,0.82528875,4.5
65.1,55.8,73.2,30.2,0,0.43,6.0845499,0.82528875,4.6
56.5,34.1,46.3,30.3,0,0.3,20.55,0.65,12.2
54.2,41.2,64.9,30.2,0,0.3,20.55,0.65,7.4
63.7,56,78.1,30,0,0.3,20.55,0.65,14
70.1,62.1,77.6,29.8,0,0.3,20.55,0.65,14.6
61.1,50.7,69.9,29.8,0,0.3,20.55,0.65,14.3
63.9,55.5,75.9,29.8,0,0.3,20.55,0.65,8.8
59.8,47.5,66.1,29.9,0,0.3,20.55,0.65,10.7
67.7,63.2,86,29.9,0,0.3,20.55,0.65,10.1
69.6,66.8,91.4,29.9,0,0.3,20.55,0.65,6.9
67.8,64.9,91.1,29.9,0.03,0.3,20.55,0.65,13.7
41,40.1,96.7,29.9,0.06,0.3,20.55,0.65,18.5
36.3,34.2,92.5,30.1,0.02,0.3,20.55,0.65,16.7
33.8,30.9,89.1,30.1,0,0.3,20.55,0.65,13.7
31.5,29.8,93.4,30.1,0.02,0.3,20.55,0.65,17.8
22.4,17.3,80.9,30.3,0.08,0.3,20.55,0.65,19.3
28.1,20.9,75,30.1,0,0.3,20.55,0.65,13.6
35.5,33.6,93.2,29.9,0.13,0.3,20.55,0.65,17.1
36,31.6,85.4,30.2,0,0.3,20.55,0.65,17.6
38.7,24,57.8,30.5,0.01,0.3,20.55,0.65,9
46.3,37.3,73.4,30.3,0,0.3,20.55,0.65,8.4
62.4,53.5,75.6,30,0,0.3,20.55,0.65,14.7
58.7,49.2,76.2,30.1,0,0.3,20.55,0.65,10.7
60,56.1,89.2,30,0,0.3,20.55,0.65,7.8
70.6,65.3,84.7,29.9,0,0.3,20.55,0.65,14
71.6,67.3,86.7,29.9,0,0.3,20.55,0.65,17.8
71.4,66.9,87,29.9,0,0.3,20.55,0.65,16.5
72,68.7,89.7,29.8,0,0.3,20.55,0.65,19.9
72.7,69.2,89.4,29.8,0,0.3,20.55,0.65,17.4
71.3,70.2,96.4,29.8,1.4,0.3,20.55,0.65,9.8
71.6,69.3,93.3,29.6,0.57,0.3,20.55,0.65,8.9
78.9,75,88.1,29.5,0,0.3,20.55,0.65,13.4
80,73.9,82.5,29.7,0,0.3,20.55,0.65,11.1
75.2,61.8,64.5,30,0,0.3,20.55,0.65,12.3
72.5,65.9,81.1,30.1,0,0.3,20.55,0.65,8.5
72.3,65.7,81.1,30,0,0.3,20.55,0.65,9.1
78.1,73.4,85.9,29.9,0,0.3,20.55,0.65,15.1
80.7,75.5,84.5,29.7,0,0.3,20.55,0.65,17.5
80.2,76.2,87.7,29.8,0,0.3,20.55,0.65,11.8
79.6,75.5,87.6,29.8,0.03,0.3,20.55,0.65,11.8
72.2,66.9,83.8,30,1.31,0.3,20.55,0.65,15.1
70.8,62.2,74.6,30.1,0,0.3,20.55,0.65,12
75,67.6,78.6,30.1,0,0.3,20.55,0.65,10.6
75.3,71.5,88.2,30,0,0.3,20.55,0.65,13.3
75.1,72.1,90.8,29.9,1.54,0.3,20.55,0.65,10.3
80,76.2,88,29.8,0.8,0.3,20.55,0.65,14
77.9,73.2,85.7,29.7,0.51,0.3,20.55,0.65,13.3
69.7,67.7,93.3,29.8,0.27,0.3,20.55,0.65,14.2
71.2,66.5,86.4,29.8,4.17,0.3,20.55,0.65,4.6
77.7,71.9,83.3,29.9,0,0.3,20.55,0.65,7
76.2,73.1,90.4,30,0.12,0.3,20.55,0.65,9.8
76.4,73.1,90,30,0,0.3,20.55,0.65,7.2
78.7,74.1,86.2,29.9,0.58,0.3,20.55,0.65,10.5
79.3,75.7,88.9,29.9,0,0.3,20.55,0.65,11.9
80.2,76.2,88.1,30,0.02,0.3,20.55,0.65,9.9
80.1,76,87.6,29.9,0,0.3,20.55,0.65,10.8
80.7,76.3,86.4,29.9,0,0.3,20.55,0.65,10.5
74.8,71,88.5,29.9,0,0.3,20.55,0.65,11.8
79.3,72.6,80.9,29.9,0.13,0.3,20.55,0.65,10.7
80.1,73,79.4,30,0.01,0.3,20.55,0.65,10.5
85,77.5,80,29.9,0,0.3,20.55,0.65,9.5
82.5,76.8,84.5,29.9,0,0.3,20.55,0.65,7.4
82,76.4,84.3,29.9,0.67,0.3,20.55,0.65,4.8
83.9,78.1,83.6,29.9,0,0.3,20.55,0.65,5.5
81.2,77.2,88,30,0.18,0.3,20.55,0.65,5.8
80.8,76.3,87.2,30,0.06,0.3,20.55,0.65,5.3
83.8,77,81.3,29.9,0.06,0.3,20.55,0.65,9.8
84.6,77.4,80.2,29.9,0,0.3,20.55,0.65,12.3
85.3,76.8,77.2,29.9,0,0.3,20.55,0.65,14.3
84.6,77.5,80.7,30,0,0.3,20.55,0.65,11.3
84.4,76.7,79.7,30,0,0.3,20.55,0.65,9.3
84.7,76.2,77.8,30,0,0.3,20.55,0.65,8.8
84,76.3,79.6,30,0,0.3,20.55,0.65,7.6
84.1,75.3,76.2,30,0,0.3,20.55,0.65,5.6
83.9,74.9,76.2,29.9,0,0.3,20.55,0.65,6.8
83.8,74.8,75.4,29.8,0,0.3,20.55,0.65,6.6
85.5,75.4,74,29.8,0,0.3,20.55,0.65,10.1
87.6,78.3,75.1,29.9,0,0.3,20.55,0.65,14.7
86.4,76.5,73.8,29.9,0,0.3,20.55,0.65,13.2
86.6,75.9,72.7,29.8,0,0.3,20.55,0.65,12.1
86.8,76.3,72.6,29.9,0,0.3,20.55,0.65,11.7
85.3,73.9,71.2,29.9,0.01,0.3,20.55,0.65,8.3
85.4,74,70.2,29.9,0,0.3,20.55,0.65,8.3
85.7,74.4,70.5,29.9,0,0.3,20.55,0.65,8.4
84.8,74.7,73.4,29.9,0,0.3,20.55,0.65,6.9
84.4,74.2,73.9,29.9,0.08,0.3,20.55,0.65,6.6
80.5,75.3,85,29.9,0,0.3,20.55,0.65,6.1
82.2,75.5,81.3,29.9,0.43,0.3,20.55,0.65,7.8
84.1,75.3,76.5,29.8,0,0.3,20.55,0.65,5.3
85.5,71.6,67.9,29.8,0,0.3,20.55,0.65,8
85.6,75.5,73.9,29.7,0,0.3,20.55,0.65,10.6
72.2,63,74.2,30.1,0,0.3,20.55,0.65,8.6
72.4,64.5,77.8,30.1,0,0.3,20.55,0.65,7.7
72.6,64.5,76.7,30,0,0.3,20.55,0.65,12.9
57,53.8,89.5,30.1,0.2,0.3,20.55,0.65,15.2
57.3,48.4,74.8,30.2,0,0.3,20.55,0.65,7.2
60.2,49.9,71.5,30.2,0,0.3,20.55,0.65,7
63.7,56.9,80.3,30.1,0,0.3,20.55,0.65,6.7
67.7,59.2,76.5,30.1,0,0.3,20.55,0.65,8.2
70.4,62.8,78.3,30.1,0,0.3,20.55,0.65,8.3
73.5,65.8,77.6,29.9,0,0.3,20.55,0.65,11.8
73.3,65,76.7,29.9,0,0.3,20.55,0.65,8.7
69.7,61.7,76.7,30.1,0,0.3,20.55,0.65,8.1
63.4,39.5,43.5,30.2,0,0.3,20.55,0.65,10
65.9,54.2,67.8,30.1,0,0.3,20.55,0.65,7.5
70.3,62.3,78.1,30.1,0,0.3,20.55,0.65,10
71.3,63.1,77.8,30,0,0.3,20.55,0.65,14.1
74.8,65.7,74.8,29.9,0,0.3,20.55,0.65,15
67,56.9,72.3,30.1,0,0.3,20.55,0.65,14.4
60,47.4,64,30.3,0.02,0.3,20.55,0.65,9
66.4,60.3,82.1,30.1,0,0.3,20.55,0.65,9
70.1,65.7,87.5,30,0,0.3,20.55,0.65,7.4
63.9,49.5,61,30.2,0.33,0.3,20.55,0.65,13.6
60.4,51,73,30.1,0,0.3,20.55,0.65,6.8
71.5,65.2,81.2,29.9,0,0.3,20.55,0.65,15.8
64.8,61.1,88.1,30.1,0,0.3,20.55,0.65,14.9
56,40.8,57.1,30.2,0.1,0.3,20.55,0.65,10.6
52.4,47.4,83.7,30.1,0.01,0.3,20.55,0.65,10.4
55.6,52.9,91,30.1,0.01,0.3,20.55,0.65,9.1
51.1,46.2,87.2,30.2,0,0.3,20.55,0.65,2.9
54.5,51.2,90.7,30.1,0,0.3,20.55,0.65,4.4
49.3,33.7,58.6,30.3,0,33.1,7.36,16.15,9.1
47.7,36.3,68.3,30.2,0,33.1,7.36,16.15,4.8
52.5,46.1,80.7,30.1,0,33.1,7.36,16.15,9
64.5,59.1,83.5,29.8,0,33.1,7.36,16.15,12.8
48.9,41.9,78.6,29.9,0.05,33.1,7.36,16.15,12.3
54.4,49.6,84.3,29.8,0.27,33.1,7.36,16.15,7.2
49.6,42.4,77.3,30,0,33.1,7.36,16.15,9.4
57.5,54.9,91,30,0,33.1,7.36,16.15,9
62.3,61.8,98.5,30,0,33.1,7.36,16.15,4.5
65.8,64.4,95.8,30,0,33.1,7.36,16.15,6
48.6,48.1,98.1,30,0.42,33.1,7.36,16.15,13.5
38.1,36,92.5,30,1.1,33.1,7.36,16.15,16.3
38.1,31.3,76.7,30.1,0,33.1,7.36,16.15,15.6
33.6,28.6,82.2,30.1,0,33.1,7.36,16.15,14.7
24.2,21.1,88.4,30.1,0.52,33.1,7.36,16.15,15.8
23.7,14.8,69.6,30.2,0.01,33.1,7.36,16.15,8.6
33.3,32.2,95.8,29.9,0,33.1,7.36,16.15,14
34.6,30.4,85.2,30.2,0.85,33.1,7.36,16.15,15.3
37.4,26,66.3,30.4,0,33.1,7.36,16.15,7.4
36.4,31.7,85.9,30.4,0,33.1,7.36,16.15,6.4
53.2,49.8,89.5,30.1,0,33.1,7.36,16.15,6.3
53.7,45,81.1,30.1,0,33.1,7.36,16.15,5.2
47.7,43,88.3,30.1,0,33.1,7.36,16.15,3.8
65.6,62.5,90.1,30,0,33.1,7.36,16.15,9.5
65,63,93.9,30.1,0,33.1,7.36,16.15,4.5
67.7,65.6,93.4,29.9,0.01,33.1,7.36,16.15,12
69,67,93.8,29.9,0,33.1,7.36,16.15,13.1
69.4,68.9,98.1,29.9,0,33.1,7.36,16.15,10.8
71.2,68.3,91,29.9,0.27,33.1,7.36,16.15,10.8
75.3,71,87,29.7,0.14,33.1,7.36,16.15,15.3
78.6,75.2,89.7,29.6,0,33.1,7.36,16.15,13.5
78.3,73.2,84.9,29.8,0,33.1,7.36,16.15,8
71,59.9,69.4,30,0,33.1,7.36,16.15,11.3
72,55.8,61.6,30.1,0,33.1,7.36,16.15,7.3
70.6,58.6,70.1,30.1,0,33.1,7.36,16.15,4.6
73.1,65.9,80,30,0,33.1,7.36,16.15,11.5
76.8,73.5,89.7,29.9,0,33.1,7.36,16.15,13.2
78.9,74.9,88.5,29.9,0.05,33.1,7.36,16.15,10
77.1,74.6,92.1,29.9,0,33.1,7.36,16.15,11.2
67.6,64.8,91.1,30.1,0.32,33.1,7.36,16.15,11.6
70.1,61.2,74.8,30.2,0.01,33.1,7.36,16.15,9.4
71,56.4,61.8,30.2,0,33.1,7.36,16.15,7.2
73.5,63.3,71.5,30.1,0,33.1,7.36,16.15,10.8
75.7,70,82.7,30,0,33.1,7.36,16.15,14.8
70,69.5,98.3,29.9,1.47,33.1,7.36,16.15,11.8
72.2,69.5,91.7,29.9,8.65,33.1,7.36,16.15,10.9
68.6,67.5,96.5,29.9,2.3,33.1,7.36,16.15,8
73.1,71.2,93.8,29.9,2.05,33.1,7.36,16.15,11.7
75.6,73.2,92.5,30,0,33.1,7.36,16.15,13.9
75,71.7,89.5,30.1,0.09,33.1,7.36,16.15,14.6
75.1,70.6,86.2,30.1,0.04,33.1,7.36,16.15,12.8
75.3,71.6,88.9,30.1,0.03,33.1,7.36,16.15,10.2
77.7,72.7,84.9,30.1,0.3,33.1,7.36,16.15,10.9
78.9,73.5,84.8,30.1,0,33.1,7.36,16.15,7.7
78.5,74.4,87.9,30,0,33.1,7.36,16.15,9.4
77.2,71.5,83.9,30,0,33.1,7.36,16.15,7.5
79.3,68.8,71.5,29.9,0.1,33.1,7.36,16.15,6.5
74.5,66.3,76.3,30.1,0,33.1,7.36,16.15,9.5
77.4,69.3,76.7,30.1,0,33.1,7.36,16.15,10.5
85.3,78,80.2,30,0,33.1,7.36,16.15,5.8
82.6,77.8,86.4,29.9,0,33.1,7.36,16.15,7.1
79.1,77.4,94.9,29.9,0.24,33.1,7.36,16.15,5.3
81.4,75.5,83.4,29.9,1.51,33.1,7.36,16.15,6.7
80.3,68.8,70.1,30,0,33.1,7.36,16.15,5.5
80.8,72.5,78.1,30,0,33.1,7.36,16.15,3
80.6,76.4,87.8,30,0,33.1,7.36,16.15,5.3
83.1,78.2,86.2,30,0.18,33.1,7.36,16.15,7.6
84.1,78.5,84.8,30,0.02,33.1,7.36,16.15,7.9
83.4,78.3,85.7,30.1,0,33.1,7.36,16.15,6.3
84,76.7,80.4,30,0,33.1,7.36,16.15,5.4
82.8,77.6,85.1,30,0,33.1,7.36,16.15,4.1
80.9,76.8,87.5,30.1,0,33.1,7.36,16.15,4
82.2,74.8,80,30.1,0,33.1,7.36,16.15,4.4
81.7,75.7,82.9,29.9,0,33.1,7.36,16.15,4.4
82.5,75.7,81.6,29.9,0,33.1,7.36,16.15,2.9
82.2,77.4,86.7,29.9,0.11,33.1,7.36,16.15,6
83.6,79.5,87.7,30,0,33.1,7.36,16.15,7
84.6,78.7,83.6,30,0.11,33.1,7.36,16.15,8
83.6,76.5,81.1,29.9,0,33.1,7.36,16.15,6.6
82.4,75.5,81.9,29.9,0,33.1,7.36,16.15,4.1
80.4,74.5,84.5,30,0,33.1,7.36,16.15,2.9
79.7,73.8,84.8,30,0,33.1,7.36,16.15,2.1
83,74.9,79,30,0,33.1,7.36,16.15,5.4
83.7,75.2,77.7,30,0.01,33.1,7.36,16.15,3.5
83.8,76.3,79.5,29.9,0,33.1,7.36,16.15,9.2
79.3,76.2,91.2,29.9,0.79,33.1,7.36,16.15,6.5
78.5,77.4,96.5,29.9,2.51,33.1,7.36,16.15,6.9
82.5,75.4,80.3,29.8,0.18,33.1,7.36,16.15,10.3
82.3,74.8,79.8,29.7,0,33.1,7.36,16.15,7.4
83.3,78.3,86.5,29.8,0,33.1,7.36,16.15,6.2
62.9,54.5,78.1,30.2,0,33.1,7.36,16.15,3.4
61.3,56.7,87.7,30.2,0,33.1,7.36,16.15,3.5
60.1,56.6,89.1,30.1,0,33.1,7.36,16.15,9.3
52.5,49,88.4,30.2,0.2,33.1,7.36,16.15,12.2
54.8,44,68.5,30.2,0,33.1,7.36,16.15,7.3
54.5,47.4,80.3,30.2,0,33.1,7.36,16.15,6.3
49,46.7,93.9,30.2,0,33.1,7.36,16.15,2.2
52.4,50.1,93.5,30.2,0,33.1,7.36,16.15,2.5
57.5,54.9,92.4,30.2,0,33.1,7.36,16.15,2.6
68.7,65,89,30,0,33.1,7.36,16.15,9.1
64,62.1,93.8,30,0,33.1,7.36,16.15,9.4
58.1,53.6,86.9,30.1,0.5,33.1,7.36,16.15,3.6
52.3,37.5,61.5,30.2,0,33.1,7.36,16.15,7.8
50.9,46.5,88,30.1,0,33.1,7.36,16.15,2
61.1,58.6,92.7,30.1,0,33.1,7.36,16.15,3.9
70.1,64.3,83.6,30.1,0,33.1,7.36,16.15,10.3
71.5,65.7,83.4,30,0,33.1,7.36,16.15,10.7
61.2,58.8,92,30.2,0,33.1,7.36,16.15,8.3
53.6,38.3,58.6,30.3,0,33.1,7.36,16.15,7.5
58.3,52.2,81,30.2,0,33.1,7.36,16.15,6.2
64.8,63.6,96.6,30.1,0,33.1,7.36,16.15,5.5
62.9,52.7,72.6,30.2,0,33.1,7.36,16.15,10.8
56.5,44.5,67.3,30.2,0,33.1,7.36,16.15,8.3
68.3,58.9,73.6,30.1,0,33.1,7.36,16.15,13.5
63.8,61.8,93.2,30.1,0,33.1,7.36,16.15,8.4
51.6,40.4,67.5,30.2,1.3,33.1,7.36,16.15,10
52.3,47.4,83.7,30.1,0,33.1,7.36,16.15,4.2
53.7,51.5,92.5,30.1,0.36,33.1,7.36,16.15,6.5
49.2,45.7,89.7,30.2,0,33.1,7.36,16.15,2
55.7,51.1,87.2,30.1,0,33.1,7.36,16.15,3.7
56.8,40.1,57.5,30.3,0,30,0.07,4.39,9.2
56.7,44.9,69,30.2,0,30,0.07,4.39,6.6
62.5,55.4,76.5,30,0,30,0.07,4.39,11
71.3,63.7,79.1,29.8,0,30,0.07,4.39,16
64.3,61.8,91.9,29.8,0,30,0.07,4.39,10
62.7,60.3,93,29.8,0,30,0.07,4.39,6
57.2,52.6,88.2,30,0,30,0.07,4.39,6.2
70.1,65.5,86.5,29.9,0,30,0.07,4.39,9.5
70.9,68.5,93.1,29.9,0,30,0.07,4.39,6.3
74.5,70.4,88.3,29.9,0,30,0.07,4.39,12.7
55.5,55.3,99.5,29.9,0,30,0.07,4.39,15.5
39,38.6,98.5,30,0.04,30,0.07,4.39,16.2
36.8,35.7,96.3,30.1,0,30,0.07,4.39,14.9
34.3,33.3,96.3,30,0,30,0.07,4.39,20.1
29,24,80,30.3,0,30,0.07,4.39,15
42.1,37.4,79.1,29.9,0,30,0.07,4.39,14.9
40.1,36.5,87.8,30.2,0,30,0.07,4.39,16.6
39.6,29.8,70.5,30.5,0,30,0.07,4.39,11
50,41.5,76,30.2,0,30,0.07,4.39,8.5
64.2,57.2,80.8,30,0,30,0.07,4.39,13.5
63.6,59.6,89.1,30.1,0,30,0.07,4.39,8.2
62.9,59.6,90.8,30.1,0,30,0.07,4.39,8.7
73.9,66.9,81,29.9,0,30,0.07,4.39,17.8
73.5,68.7,86.6,29.9,0,30,0.07,4.39,17.6
74.5,68,82.3,29.8,0,30,0.07,4.39,16.9
75.5,70.1,84,29.8,0,30,0.07,4.39,17.9
77.2,71.1,82.6,29.8,0,30,0.07,4.39,18.8
72,71,96.6,29.8,0.09,30,0.07,4.39,5.4
75,70.5,88.7,29.7,0,30,0.07,4.39,8.9
81.7,74.3,81.7,29.5,0,30,0.07,4.39,16
82.8,77,83.4,29.7,0,30,0.07,4.39,11.1
77.9,68.9,74.3,30,0,30,0.07,4.39,14.5
74.7,69.2,84,30,0,30,0.07,4.39,7.7
68.3,64.4,89.5,30.1,0,30,0.07,4.39,6.5
81.4,73.4,79,29.9,0,30,0.07,4.39,19.4
84.5,74.7,74,29.7,0,30,0.07,4.39,22.3
82.2,76.7,84,29.8,0,30,0.07,4.39,14.8
84,76.7,80.7,29.8,0,30,0.07,4.39,13.8
74.8,72.8,93.4,30,0.65,30,0.07,4.39,13.6
71.9,67.3,86.1,30.1,0,30,0.07,4.39,12.2
74.6,68.2,82.4,30.1,0,30,0.07,4.39,9.6
73.9,71.9,93.8,30,0,30,0.07,4.39,10.9
79.8,76.3,89.6,29.9,1.79,30,0.07,4.39,13.1
82.3,76.9,85,29.8,0.31,30,0.07,4.39,17.7
81.6,76.7,85.6,29.7,0,30,0.07,4.39,16
72.5,71.8,97.5,29.7,0,30,0.07,4.39,17.5
73.7,69.6,88,29.8,2.95,30,0.07,4.39,8.5
76.2,71.5,87.2,29.9,0,30,0.07,4.39,5.9
79.1,73.9,85.4,30,0,30,0.07,4.39,11.2
78.4,74.7,89,30,0,30,0.07,4.39,7
78.5,75.8,92,29.9,0.03,30,0.07,4.39,12.6
80.3,77.2,90.8,29.9,1.85,30,0.07,4.39,11.5
82.5,77.2,85.5,30,0,30,0.07,4.39,13.2
81.8,77,86.5,29.9,0,30,0.07,4.39,13.2
81.4,77,87.7,29.9,0,30,0.07,4.39,14.1
78.5,76.4,93.7,29.9,0,30,0.07,4.39,11.3
81,75.4,84.3,29.9,0.09,30,0.07,4.39,11.9
80.7,74.5,82.6,29.9,0,30,0.07,4.39,11.8
84.6,75.5,76.3,29.9,0,30,0.07,4.39,10.6
85.2,76,76,29.9,0,30,0.07,4.39,9.5
84.2,75,76.3,29.9,0,30,0.07,4.39,6.8
84.6,74.5,74,29.9,0,30,0.07,4.39,7
82.8,76.5,82.5,29.9,0,30,0.07,4.39,7.8
83.5,75.6,78.3,30,0,30,0.07,4.39,8.6
85.2,74.7,73.3,29.9,0,30,0.07,4.39,12.5
86,75.3,73,29.9,0,30,0.07,4.39,14.8
86.6,75.5,72.4,29.9,0,30,0.07,4.39,14
85.8,73.8,70.5,30,0,30,0.07,4.39,12.4
84.2,75.1,76.4,30,0,30,0.07,4.39,9.8
85.2,75.1,74,30,0,30,0.07,4.39,10.3
84.9,74.7,74.4,30,0,30,0.07,4.39,9.1
85,74.4,72.8,30,0,30,0.07,4.39,7.5
83,74.7,77.4,29.9,0,30,0.07,4.39,5.3
82.9,74.1,77.1,29.8,0,30,0.07,4.39,6.6
85.6,75.2,73.7,29.8,0,30,0.07,4.39,10.7
87.1,76.5,73,29.9,0,30,0.07,4.39,14.7
87,76.6,73.3,29.9,0,30,0.07,4.39,12.7
84.8,75.5,75.7,29.8,0,30,0.07,4.39,9.8
83.9,76,79.2,29.9,0,30,0.07,4.39,9
81,73.4,80.5,29.9,0.09,30,0.07,4.39,5.2
83.3,73.7,75.7,29.9,0,30,0.07,4.39,7.2
84.3,74.3,74.6,29.9,0,30,0.07,4.39,8.3
82.8,75.1,78.9,29.9,0,30,0.07,4.39,7.3
81.8,74.4,80,29.9,0.62,30,0.07,4.39,6
82,74.4,79.6,29.8,0.15,30,0.07,4.39,6.2
83.7,74.2,75.4,29.8,0,30,0.07,4.39,6.9
82.6,72.8,75.2,29.8,0,30,0.07,4.39,6.1
83.3,72,71.8,29.8,0,30,0.07,4.39,9.3
84.8,74.3,73.4,29.7,0,30,0.07,4.39,9.7
72.3,63.1,75.2,30.1,0,30,0.07,4.39,8.5
73.5,63.5,73.8,30.1,0,30,0.07,4.39,8.5
76,65.6,71.5,30,0,30,0.07,4.39,10
62.4,59.2,89.7,30.1,1.27,30,0.07,4.39,14.9
60,52.4,77.2,30.1,0.01,30,0.07,4.39,9.4
61.8,55.2,81,30.1,0,30,0.07,4.39,5.8
64.6,57.5,80.6,30.1,0,30,0.07,4.39,5.2
69.5,61.6,78,30.1,0,30,0.07,4.39,8.2
71.2,62.5,76.4,30.1,0,30,0.07,4.39,6.9
73.8,66,77.8,29.9,0,30,0.07,4.39,11
73.8,67.3,82.3,29.9,0,30,0.07,4.39,5.4
73.2,67.3,83.7,30,0,30,0.07,4.39,4.8
69,56.5,67.4,30.2,0,30,0.07,4.39,9.6
68.4,58.5,73,30.1,0,30,0.07,4.39,7.6
71.8,62.5,74.8,30.1,0,30,0.07,4.39,9.4
71.1,61.8,75.4,30,0,30,0.07,4.39,11.9
73.1,64.5,77.1,29.9,0,30,0.07,4.39,12.7
66.5,62.2,86.5,30.1,0,30,0.07,4.39,11.2
61.2,53.5,76.5,30.3,0.66,30,0.07,4.39,10.7
67.2,61.3,83.3,30.1,0,30,0.07,4.39,7.2
68.7,65.1,89.7,30,0,30,0.07,4.39,6.7
64.9,58.2,80.4,30.2,0.08,30,0.07,4.39,11.3
64,55,75.1,30.1,0.02,30,0.07,4.39,6.9
73.5,67,81.3,29.9,0,30,0.07,4.39,13.5
67.8,65.3,92.2,30.1,0,30,0.07,4.39,13
55.4,46.6,72.4,30.2,1.06,30,0.07,4.39,12.9
56.7,49.8,77.9,30.1,0,30,0.07,4.39,11.2
57.8,54.1,88.8,30.1,0,30,0.07,4.39,9.5
57.1,53.8,90.4,30.2,0,30,0.07,4.39,4.8
57.8,53.5,88.3,30.1,0,30,0.07,4.39,4.1
